{
    "configs": {
        "num_cams": 16,
        "num_cam_params": 22
    },
    "cam_params": {
        "0": {
            "rvec": [
                0.12007299810647964,
                -2.5649499893188477,
                1.7129499912261963
            ],
            "tvec": [
                -241.59800720214844,
                555.322998046875,
                2880.580078125
            ],
            "fx": 1902.55,
            "fy": 1901.22,
            "cx": 1972.25,
            "cy": 1096.51,
            "k1": 0.08570419996976852,
            "k2": 0.09586180001497269,
            "k3": 0.01768909953534603,
            "k4": 0.1508380025625229,
            "k5": -0.0010034400038421154,
            "k6": 0.11828099936246872,
            "p1": 5.568330016103573e-05,
            "p2": 0.0006941580213606358,
            "p3": 0.0,
            "p4": 0.0,
            "p5": 0.0,
            "p6": 0.0
        },
        "1": {
            "rvec": [
                0.6500729918479919,
                -2.2662599086761475,
                1.565060019493103
            ],
            "tvec": [
                -155.58200073242188,
                589.5969848632812,
                3025.659912109375
            ],
            "fx": 1895.16,
            "fy": 1894.04,
            "cx": 2024.45,
            "cy": 1103.02,
            "k1": 0.10617200285196304,
            "k2": 0.12161099910736084,
            "k3": 0.017788000404834747,
            "k4": 0.17561499774456024,
            "k5": 0.006526030134409666,
            "k6": 0.14073799550533295,
            "p1": 0.0001609820028534159,
            "p2": 3.455339901847765e-05,
            "p3": 0.0,
            "p4": 0.0,
            "p5": 0.0,
            "p6": 0.0
        },
        "2": {
            "rvec": [
                1.0206799507141113,
                -2.0322799682617188,
                1.3933900594711304
            ],
            "tvec": [
                6.971829891204834,
                549.4110107421875,
                2994.389892578125
            ],
            "fx": 1897.43,
            "fy": 1896.27,
            "cx": 1988.78,
            "cy": 1091.28,
            "k1": 0.12875699996948242,
            "k2": 0.11186499893665314,
            "k3": 0.13952800631523132,
            "k4": 0.18902400135993958,
            "k5": 0.04458890110254288,
            "k6": 0.20527000725269318,
            "p1": -0.00027834699722006917,
            "p2": -0.00029041498783044517,
            "p3": 0.0,
            "p4": 0.0,
            "p5": 0.0,
            "p6": 0.0
        },
        "3": {
            "rvec": [
                1.3068499565124512,
                -1.7425700426101685,
                1.1497399806976318
            ],
            "tvec": [
                221.31300354003906,
                489.7560119628906,
                2951.320068359375
            ],
            "fx": 1897.35,
            "fy": 1896.27,
            "cx": 2031.02,
            "cy": 1100.84,
            "k1": 0.14122000336647034,
            "k2": 0.13803699612617493,
            "k3": 0.11439099907875061,
            "k4": 0.2041119933128357,
            "k5": 0.054669398814439774,
            "k6": 0.20170100033283234,
            "p1": -0.0003589930129237473,
            "p2": -0.0001317569985985756,
            "p3": 0.0,
            "p4": 0.0,
            "p5": 0.0,
            "p6": 0.0
        },
        "4": {
            "rvec": [
                1.5061800479888916,
                -1.3953499794006348,
                0.9281089901924133
            ],
            "tvec": [
                394.6669921875,
                609.9840087890625,
                2922.8701171875
            ],
            "fx": 1893.48,
            "fy": 1892.46,
            "cx": 2024.23,
            "cy": 1058.22,
            "k1": 0.09368450194597244,
            "k2": 0.09801869839429855,
            "k3": 0.07062269747257233,
            "k4": 0.15565000474452972,
            "k5": 0.02189530059695244,
            "k6": 0.14598700404167175,
            "p1": 0.0001488270063418895,
            "p2": -0.00017163800657726824,
            "p3": 0.0,
            "p4": 0.0,
            "p5": 0.0,
            "p6": 0.0
        },
        "5": {
            "rvec": [
                1.7111300230026245,
                -1.0767199993133545,
                0.693560004234314
            ],
            "tvec": [
                332.177001953125,
                593.385009765625,
                2801.75
            ],
            "fx": 1896.66,
            "fy": 1895.17,
            "cx": 1999.24,
            "cy": 1089.98,
            "k1": 0.11082500219345093,
            "k2": 0.0979342982172966,
            "k3": 0.17900800704956055,
            "k4": 0.16692300140857697,
            "k5": 0.0467257983982563,
            "k6": 0.23221099376678467,
            "p1": -0.0007441500201821327,
            "p2": -0.00018781500693876296,
            "p3": 0.0,
            "p4": 0.0,
            "p5": 0.0,
            "p6": 0.0
        },
        "6": {
            "rvec": [
                1.8478399515151978,
                -0.6420930027961731,
                0.41702699661254883
            ],
            "tvec": [
                451.0840148925781,
                718.1309814453125,
                2670.889892578125
            ],
            "fx": 1898.52,
            "fy": 1897.25,
            "cx": 1979.05,
            "cy": 1070.88,
            "k1": 0.10497099906206131,
            "k2": 0.10500500351190567,
            "k3": 0.11039700359106064,
            "k4": 0.16513100266456604,
            "k5": 0.03796210139989853,
            "k6": 0.17737700045108795,
            "p1": -0.0004340939922258258,
            "p2": -0.0002915840013884008,
            "p3": 0.0,
            "p4": 0.0,
            "p5": 0.0,
            "p6": 0.0
        },
        "7": {
            "rvec": [
                1.9571599960327148,
                -0.30201399326324463,
                0.1855659931898117
            ],
            "tvec": [
                310.5360107421875,
                668.052978515625,
                2511.43994140625
            ],
            "fx": 1897.37,
            "fy": 1895.89,
            "cx": 2002.96,
            "cy": 1104.71,
            "k1": 0.09773070365190506,
            "k2": 0.06980589777231216,
            "k3": 0.2856679856777191,
            "k4": 0.151528000831604,
            "k5": 0.029023800045251846,
            "k6": 0.3283970057964325,
            "p1": -0.00046921600005589426,
            "p2": -0.0005264380015432835,
            "p3": 0.0,
            "p4": 0.0,
            "p5": 0.0,
            "p6": 0.0
        },
        "8": {
            "rvec": [
                1.937190055847168,
                0.06081249937415123,
                -0.07363300025463104
            ],
            "tvec": [
                197.8780059814453,
                812.2009887695312,
                2405.64990234375
            ],
            "fx": 1897.02,
            "fy": 1895.61,
            "cx": 2027.77,
            "cy": 1096.54,
            "k1": 0.13192600011825562,
            "k2": 0.11709299683570862,
            "k3": 0.2231069952249527,
            "k4": 0.1898210048675537,
            "k5": 0.06230809912085533,
            "k6": 0.2792910039424896,
            "p1": -0.00031954501173458993,
            "p2": -0.00016255999798886478,
            "p3": 0.0,
            "p4": 0.0,
            "p5": 0.0,
            "p6": 0.0
        },
        "9": {
            "rvec": [
                1.9084700345993042,
                0.477277010679245,
                -0.3507719933986664
            ],
            "tvec": [
                115.95600128173828,
                820.7579956054688,
                2321.989990234375
            ],
            "fx": 1906.0,
            "fy": 1904.35,
            "cx": 1997.58,
            "cy": 1104.24,
            "k1": 0.036444198340177536,